<?xml version="1.0" encoding="UTF-8"?>
<!DOCTYPE suite SYSTEM "http://testng.org/testng-1.0.dtd">
<suite name="Pool" parallel="tests">
    <test name="PoolTestChrome" thread-count="3" parallel="classes">
        <parameter name="config" value="suite.conf.json"/>
        <parameter name="environment" value="chrome"/>
        <classes>
            <class name="com.browserstack.suite.SuiteTest01"/>
            <class name="com.browserstack.suite.SuiteTest02"/>
            <class name="com.browserstack.suite.SuiteTest03"/>
            <class name="com.browserstack.suite.SuiteTest04"/>
            <class name="com.browserstack.suite.SuiteTest05"/>
            <class name="com.browserstack.suite.SuiteTest06"/>
            <class name="com.browserstack.suite.SuiteTest07"/>
            <class name="com.browserstack.suite.SuiteTest08"/>
            <class name="com.browserstack.suite.SuiteTest09"/>
            <class name="com.browserstack.suite.SuiteTest10"/>
        </classes>
    </test>

    <test name="PoolTestFirefox" thread-count="3" parallel="classes">
        <parameter name="config" value="suite.conf.json"/>
        <parameter name="environment" value="firefox"/>
        <classes>
            <class name="com.browserstack.suite.SuiteTest01"/>
            <class name="com.browserstack.suite.SuiteTest02"/>
            <class name="com.browserstack.suite.SuiteTest03"/>
            <class name="com.browserstack.suite.SuiteTest04"/>
            <class name="com.browserstack.suite.SuiteTest05"/>
            <class name="com.browserstack.suite.SuiteTest06"/>
            <class name="com.browserstack.suite.SuiteTest07"/>
            <class name="com.browserstack.suite.SuiteTest08"/>
            <class name="com.browserstack.suite.SuiteTest09"/>
            <class name="com.browserstack.suite.SuiteTest10"/>
        </classes>
    </test>
</suite>
